{
  "frameAngleStart": [31.449115753173828],
  "sameColorForAllNonDLines": [true],
  "minDistanceBtwDLinesAndFrames": [59.78349304199219],
  "chancesForDLinesAndDLinesToConnect": [0.07637732475996017],
  "rndlyChooseOneSchemeForBg": [true],
  "addFloors": [true],
  "areFloorsBouncy": [false],
  "maxLineWidth": [426.8174133300781],
  "setSpecificLineAngles": [false],
  "chancesForNonDLinesToConnectWithFrames": [0.07396021485328674],
  "chancesOfNoJump": [0],
  "numOfFloors": [9.414999961853027],
  "chancesForDLinesAndNonDLinesToConnectAtCorner": [0.08022415637969971],
  "chancesForNonDLinesToConnectWithFloors": [0.007638007402420044],
  "minDistanceBtwNonDLinesAndDLines": [20.5],
  "heightOfLine": [47.57933807373047],
  "chancesForDLinesToConnectWithFrames": [0.028219515457749367],
  "widthOfLine": [7.4248881340026855],
  "addFrames": [true],
  "chancesForDLinesAndNonDLinesToConnect": [0.01655452325940132],
  "grappleColor": [],
  "mapSize": [6.639999866485596],
  "lineAngleStart": [26.023672103881836],
  "maxFloorWidth": [96.91891479492188],
  "floorConnectAngleStart": [90],
  "limitLineAngleAfterConnectingItsCorner": [true],
  "canLinesOverlap": [false],
  "lineConnectAngleStart": [86.93898010253906],
  "minDistanceBtwFloors": [52.80068588256836],
  "sameColorForAllGLines": [true],
  "chancesForDLinesToConnectWithFloors": [0.019726544618606567],
  "floorAngleEnd": [138.61712646484375],
  "frameAngleEnd": [299.17681884765625],
  "minDistanceBtwNonDLinesAndFrames": [33.20045471191406],
  "lineToMoveConnectPointStart": [0.6005786657333374],
  "minDistanceBtwNonDLines": [26.499998092651367],
  "frameWidth": [4.28012752532959],
  "chancesOfDeath": [0],
  "sameColorForAllDLines": [true],
  "connectFloorLeft": [false],
  "minDistanceBtwNonDLinesAndFloors": [26.999998092651367],
  "chancesForFloorsAndFloorsToConnect": [0.035494279116392136],
  "nonDLineAngle": [
    171.50962829589844,
    90
  ],
  "chancesForFloorsToConnectAtCorner": [0.004229635000228882],
  "chancesForNonDLinesAndFloorsToConnectAtCorner": [1.4843344979453832E-4],
  "chancesForNonDLinesToConnectAtCorner": [0.03686071187257767],
  "connectFloorDown": [true],
  "pathTightness": [20],
  "areBLinesAtBack": [true],
  "connectFloorUp": [false],
  "connectFloorRight": [true],
  "chancesOfBounciness": [1],
  "minDistanceBtwFloorsAndFrames": [33.515968322753906],
  "floorAngle": [
    114.27184295654297,
    90
  ],
  "dLineAngle": [286.2388610839844],
  "sameWidthForAllLines": [false],
  "minLineHeight": [7.3968706130981445],
  "chancesForNonDLinesAndNonDLinesToConnect": [0.03832758218050003],
  "minFloorWidth": [46.57034683227539],
  "lineAngleEnd": [218.9927978515625],
  "setSpecificFloorAngles": [true],
  "globalBounciness": [],
  "floorHeight": [92.71727752685547],
  "lineToMoveConnectPointEnd": [0.09634864330291748],
  "maxLineHeight": [43.755340576171875],
  "lineConnectAngleEnd": [173.481689453125],
  "addBackground": [true],
  "areFramesBouncy": [false],
  "sameHeightForAllLines": [true],
  "nonDeathColor": [],
  "minDistanceBtwDLines": [18],
  "chancesOfGrapple": [0],
  "areDLinesAtBack": [true],
  "addNoPhysicsLineDuplicates": [true],
  "minLineWidth": [30.131214141845703],
  "sameColorForAllBLines": [true],
  "floorAngleStart": [265.92962646484375],
  "minDistanceBtwDLinesAndFloors": [24],
  "floorConnectAngleEnd": [90],
  "bouncyColor": [],
  "this$0": [],
  "chancesForFloorsToConnectWithFrames": [0.02232707105576992],
  "chancesForDLinesToConnectAtCorner": [0.01034200843423605],
  "chancesForDLinesAndFloorsToConnectAtCorner": [0.08372769504785538],
  "limitFloorAngleAfterConnect": [true],
  "deathColor": [],
  "areFramesDeath": [false]
}