{
  "frameAngleStart": [31.449115753173828],
  "sameColorForAllNonDLines": [true],
  "minDistanceBtwDLinesAndFrames": [59.78349304199219],
  "rndlyChooseOneSchemeForBg": [true],
  "addFloors": [true],
  "areFloorsBouncy": [false],
  "maxLineWidth": [25.94999885559082],
  "setSpecificLineAngles": [false],
  "chancesForNonDLinesToConnectWithFrames": [0.03500000014901161],
  "chancesOfNoJump": [0],
  "numOfFloors": [9.414999961853027],
  "chancesForDLinesAndNonDLinesToConnectAtCorner": [0.08022415637969971],
  "chancesForNonDLinesToConnectWithFloors": [0.014999999664723873],
  "minDistanceBtwNonDLinesAndDLines": [20.5],
  "heightOfLine": [47.57933807373047],
  "chancesForDLinesToConnectWithFrames": [0.028219515457749367],
  "widthOfLine": [7.4248881340026855],
  "addFrames": [true],
  "chancesForDLinesAndNonDLinesToConnect": [0.01655452325940132],
  "grappleColor": [],
  "mapSize": [6.639999866485596],
  "lineAngleStart": [0],
  "maxFloorWidth": [96.91891479492188],
  "floorConnectAngleStart": [90],
  "limitLineAngleAfterConnectingItsCorner": [true],
  "canLinesOverlap": [false],
  "lineConnectAngleStart": [90],
  "minDistanceBtwFloors": [52.80068588256836],
  "sameColorForAllGLines": [true],
  "chancesForDLinesToConnectWithFloors": [0.019726544618606567],
  "floorAngleEnd": [138.61712646484375],
  "frameAngleEnd": [299.17681884765625],
  "minDistanceBtwNonDLinesAndFrames": [33.20045471191406],
  "lineToMoveConnectPointStart": [0.6005786657333374],
  "minDistanceBtwNonDLines": [26.499998092651367],
  "frameWidth": [4.28012752532959],
  "chancesOfDeath": [0],
  "sameColorForAllDLines": [true],
  "connectFloorLeft": [false],
  "minDistanceBtwNonDLinesAndFloors": [26.999998092651367],
  "chancesForFloorsAndFloorsToConnect": [0.035494279116392136],
  "nonDLineAngle": [
    171.50962829589844,
    90
  ],
  "chancesForDLinesToConnect": [1],
  "chancesForFloorsToConnectAtCorner": [0.004229635000228882],
  "chancesForNonDLinesAndFloorsToConnectAtCorner": [1.4843344979453832E-4],
  "chancesForNonDLinesToConnectAtCorner": [0.03686071187257767],
  "connectFloorDown": [true],
  "pathTightness": [20],
  "areBLinesAtBack": [true],
  "connectFloorUp": [false],
  "connectFloorRight": [true],
  "chancesOfBounciness": [0],
  "minDistanceBtwFloorsAndFrames": [33.515968322753906],
  "floorAngle": [
    114.27184295654297,
    90
  ],
  "dLineAngle": [286.2388610839844],
  "sameWidthForAllLines": [false],
  "minLineHeight": [15.969999313354492],
  "minFloorWidth": [46.57034683227539],
  "lineAngleEnd": [10.800000190734863],
  "setSpecificFloorAngles": [true],
  "globalBounciness": [],
  "floorHeight": [92.71727752685547],
  "lineToMoveConnectPointEnd": [0.09634864330291748],
  "maxLineHeight": [20.959999084472656],
  "chancesForNonDLinesToConnect": [0],
  "lineConnectAngleEnd": [99],
  "addBackground": [true],
  "areFramesBouncy": [true],
  "sameHeightForAllLines": [false],
  "nonDeathColor": [],
  "minDistanceBtwDLines": [18],
  "chancesOfGrapple": [0],
  "areDLinesAtBack": [true],
  "addNoPhysicsLineDuplicates": [true],
  "minLineWidth": [20.959999084472656],
  "sameColorForAllBLines": [true],
  "floorAngleStart": [265.92962646484375],
  "minDistanceBtwDLinesAndFloors": [24],
  "floorConnectAngleEnd": [90],
  "bouncyColor": [],
  "this$0": [],
  "chancesForFloorsToConnectWithFrames": [0.02232707105576992],
  "chancesForDLinesToConnectAtCorner": [0.01034200843423605],
  "chancesForDLinesAndFloorsToConnectAtCorner": [0.08372769504785538],
  "limitFloorAngleAfterConnect": [true],
  "deathColor": [],
  "areFramesDeath": [false]
}